customer_id,full_name,yearly_income,occupation,customer_segment,country,account_opened,credit_score,is_pep,kyc_risk_rating,is_fatf_black,is_fatf_grey,is_fca_high_risk
C0000,Customer_0000,25000,EMPLOYED,RETAIL,GB,2026-01-22,410,0,LOW,0,0,0
C0001,Customer_0001,90000,SELF_EMPLOYED,RETAIL,NG,2025-05-20,550,0,MEDIUM,0,1,0
C0002,Customer_0002,60000,SELF_EMPLOYED,RETAIL,GB,2024-09-15,682,0,LOW,0,0,0
C0003,Customer_0003,40000,SELF_EMPLOYED,RETAIL,GB,2024-02-23,306,0,LOW,0,0,0
C0004,Customer_0004,25000,STUDENT,RETAIL,GB,2026-12-06,758,0,MEDIUM,0,0,0
C0005,Customer_0005,25000,BUSINESS_OWNER,RETAIL,GB,2025-12-27,383,0,LOW,0,0,0
C0006,Customer_0006,15000,SELF_EMPLOYED,RETAIL,GB,2025-11-19,507,0,MEDIUM,0,0,0
C0007,Customer_0007,60000,EMPLOYED,RETAIL,IN,2027-01-27,689,0,LOW,0,0,0
C0008,Customer_0008,40000,RETIRED,RETAIL,GB,2026-11-09,613,0,HIGH,0,0,0
C0009,Customer_0009,60000,EMPLOYED,SME,GB,2025-02-22,321,0,LOW,0,0,0
C0010,Customer_0010,15000,EMPLOYED,RETAIL,GB,2025-11-20,709,0,LOW,0,0,0
C0011,Customer_0011,90000,EMPLOYED,SME,US,2026-04-29,814,0,LOW,0,0,0
C0012,Customer_0012,60000,EMPLOYED,SME,GB,2024-03-02,426,0,LOW,0,0,0
C0013,Customer_0013,25000,BUSINESS_OWNER,RETAIL,GB,2027-03-14,313,0,MEDIUM,0,0,0
C0014,Customer_0014,25000,RETIRED,CORPORATE,GB,2024-08-03,311,0,HIGH,0,0,0
C0015,Customer_0015,25000,STUDENT,CORPORATE,US,2024-01-03,386,0,LOW,0,0,0
C0016,Customer_0016,25000,EMPLOYED,RETAIL,NG,2024-06-08,823,0,LOW,0,1,0
C0017,Customer_0017,40000,EMPLOYED,RETAIL,GB,2026-02-19,836,0,MEDIUM,0,0,0
C0018,Customer_0018,40000,EMPLOYED,CORPORATE,GB,2027-02-17,600,1,MEDIUM,0,0,0
C0019,Customer_0019,25000,EMPLOYED,SME,GB,2026-06-11,542,0,LOW,0,0,0
C0020,Customer_0020,40000,SELF_EMPLOYED,RETAIL,GB,2027-01-17,421,0,LOW,0,0,0
C0021,Customer_0021,15000,STUDENT,RETAIL,GB,2024-11-24,446,0,LOW,0,0,0
C0022,Customer_0022,25000,STUDENT,RETAIL,DE,2025-08-02,655,0,MEDIUM,0,0,0
C0023,Customer_0023,25000,EMPLOYED,RETAIL,GB,2027-10-12,608,0,LOW,0,0,0
C0024,Customer_0024,40000,BUSINESS_OWNER,SME,FR,2027-07-14,587,0,LOW,0,0,0
C0025,Customer_0025,60000,STUDENT,RETAIL,GB,2026-08-09,606,0,LOW,0,0,0
C0026,Customer_0026,25000,SELF_EMPLOYED,RETAIL,GB,2027-09-08,848,0,MEDIUM,0,0,0
C0027,Customer_0027,40000,SELF_EMPLOYED,SME,FR,2025-09-26,651,0,LOW,0,0,0
C0028,Customer_0028,40000,EMPLOYED,RETAIL,NG,2026-09-14,611,0,LOW,0,1,0
C0029,Customer_0029,15000,EMPLOYED,RETAIL,GB,2027-05-03,358,0,LOW,0,0,0
C0030,Customer_0030,40000,EMPLOYED,SME,IN,2026-07-09,334,0,LOW,0,0,0
C0031,Customer_0031,25000,RETIRED,CORPORATE,US,2026-01-07,744,0,LOW,0,0,0
C0032,Customer_0032,15000,EMPLOYED,RETAIL,GB,2027-09-17,392,0,LOW,0,0,0
C0033,Customer_0033,90000,EMPLOYED,RETAIL,GB,2024-06-18,506,0,LOW,0,0,0
C0034,Customer_0034,90000,EMPLOYED,RETAIL,NG,2025-06-04,652,0,LOW,0,1,0
C0035,Customer_0035,60000,EMPLOYED,RETAIL,FR,2024-02-09,631,0,LOW,0,0,0
C0036,Customer_0036,25000,UNEMPLOYED,RETAIL,IN,2027-07-08,458,0,MEDIUM,0,0,0
C0037,Customer_0037,15000,STUDENT,RETAIL,IN,2027-11-19,323,0,MEDIUM,0,0,0
C0038,Customer_0038,40000,SELF_EMPLOYED,RETAIL,GB,2026-08-12,703,0,LOW,0,0,0
C0039,Customer_0039,40000,EMPLOYED,RETAIL,GB,2027-06-03,815,0,MEDIUM,0,0,0
C0040,Customer_0040,15000,SELF_EMPLOYED,RETAIL,GB,2026-09-10,663,1,LOW,0,0,0
C0041,Customer_0041,40000,SELF_EMPLOYED,RETAIL,US,2027-02-21,681,0,LOW,0,0,0
C0042,Customer_0042,15000,EMPLOYED,RETAIL,GB,2026-09-01,831,0,LOW,0,0,0
C0043,Customer_0043,90000,EMPLOYED,RETAIL,US,2024-02-07,451,0,LOW,0,0,0
C0044,Customer_0044,25000,EMPLOYED,RETAIL,GB,2024-11-23,719,0,MEDIUM,0,0,0
C0045,Customer_0045,40000,SELF_EMPLOYED,CORPORATE,GB,2027-06-28,549,0,MEDIUM,0,0,0
C0046,Customer_0046,25000,SELF_EMPLOYED,RETAIL,GB,2027-04-14,416,0,MEDIUM,0,0,0
C0047,Customer_0047,40000,EMPLOYED,SME,GB,2026-07-02,811,0,LOW,0,0,0
C0048,Customer_0048,40000,EMPLOYED,SME,GB,2025-03-29,634,0,LOW,0,0,0
C0049,Customer_0049,25000,SELF_EMPLOYED,RETAIL,FR,2024-02-06,717,0,LOW,0,0,0
C0050,Customer_0050,90000,SELF_EMPLOYED,RETAIL,NG,2027-09-01,594,0,LOW,0,1,0
C0051,Customer_0051,60000,UNEMPLOYED,RETAIL,GB,2026-08-30,670,0,LOW,0,0,0
C0052,Customer_0052,90000,STUDENT,RETAIL,US,2026-03-06,485,0,LOW,0,0,0
C0053,Customer_0053,60000,EMPLOYED,SME,US,2026-08-30,545,0,LOW,0,0,0
C0054,Customer_0054,40000,EMPLOYED,RETAIL,GB,2025-08-15,567,0,LOW,0,0,0
C0055,Customer_0055,90000,SELF_EMPLOYED,RETAIL,NG,2027-02-11,536,0,MEDIUM,0,1,0
C0056,Customer_0056,15000,EMPLOYED,RETAIL,GB,2026-11-29,829,0,HIGH,0,0,0
C0057,Customer_0057,25000,SELF_EMPLOYED,RETAIL,FR,2027-08-17,320,0,HIGH,0,0,0
C0058,Customer_0058,15000,UNEMPLOYED,SME,GB,2024-08-11,819,0,LOW,0,0,0
C0059,Customer_0059,25000,SELF_EMPLOYED,RETAIL,GB,2024-11-13,399,0,LOW,0,0,0
C0060,Customer_0060,25000,EMPLOYED,RETAIL,GB,2024-12-14,777,0,LOW,0,0,0
C0061,Customer_0061,25000,SELF_EMPLOYED,PRIVATE,GB,2024-04-24,597,0,MEDIUM,0,0,0
C0062,Customer_0062,60000,SELF_EMPLOYED,SME,GB,2025-11-28,825,0,LOW,0,0,0
C0063,Customer_0063,25000,SELF_EMPLOYED,RETAIL,GB,2027-09-08,633,0,LOW,0,0,0
C0064,Customer_0064,25000,UNEMPLOYED,RETAIL,IN,2026-11-29,301,0,MEDIUM,0,0,0
C0065,Customer_0065,40000,EMPLOYED,RETAIL,NG,2024-02-09,674,0,LOW,0,1,0
C0066,Customer_0066,15000,BUSINESS_OWNER,RETAIL,NG,2027-08-05,592,1,LOW,0,1,0
C0067,Customer_0067,60000,UNEMPLOYED,RETAIL,NG,2027-07-09,617,0,LOW,0,1,0
C0068,Customer_0068,15000,EMPLOYED,RETAIL,GB,2024-08-03,801,0,LOW,0,0,0
C0069,Customer_0069,150000,EMPLOYED,RETAIL,GB,2027-03-16,680,0,LOW,0,0,0
C0070,Customer_0070,60000,EMPLOYED,RETAIL,GB,2024-12-01,313,0,LOW,0,0,0
C0071,Customer_0071,25000,EMPLOYED,CORPORATE,GB,2027-04-06,803,0,LOW,0,0,0
C0072,Customer_0072,15000,EMPLOYED,RETAIL,DE,2024-04-01,530,0,LOW,0,0,0
C0073,Customer_0073,60000,STUDENT,RETAIL,GB,2024-12-18,383,0,MEDIUM,0,0,0
C0074,Customer_0074,60000,EMPLOYED,RETAIL,FR,2025-07-24,429,0,LOW,0,0,0
C0075,Customer_0075,60000,EMPLOYED,PRIVATE,GB,2026-03-26,444,0,LOW,0,0,0
C0076,Customer_0076,60000,RETIRED,RETAIL,GB,2026-02-19,327,0,LOW,0,0,0
C0077,Customer_0077,15000,EMPLOYED,RETAIL,US,2024-12-28,365,0,HIGH,0,0,0
C0078,Customer_0078,25000,RETIRED,PRIVATE,GB,2025-07-10,462,0,LOW,0,0,0
C0079,Customer_0079,15000,EMPLOYED,CORPORATE,GB,2027-09-30,528,0,LOW,0,0,0
C0080,Customer_0080,60000,EMPLOYED,CORPORATE,GB,2027-04-08,560,0,MEDIUM,0,0,0
C0081,Customer_0081,40000,STUDENT,RETAIL,GB,2024-12-21,748,0,MEDIUM,0,0,0
C0082,Customer_0082,25000,SELF_EMPLOYED,RETAIL,NG,2024-07-09,723,0,LOW,0,1,0
C0083,Customer_0083,15000,UNEMPLOYED,SME,DE,2025-02-25,759,1,MEDIUM,0,0,0
C0084,Customer_0084,25000,STUDENT,CORPORATE,US,2025-11-30,600,0,LOW,0,0,0
C0085,Customer_0085,25000,RETIRED,RETAIL,GB,2024-01-07,602,0,LOW,0,0,0
C0086,Customer_0086,60000,EMPLOYED,RETAIL,US,2024-05-12,586,0,LOW,0,0,0
C0087,Customer_0087,40000,EMPLOYED,RETAIL,GB,2025-07-10,694,0,LOW,0,0,0
C0088,Customer_0088,60000,RETIRED,SME,GB,2026-04-05,309,0,MEDIUM,0,0,0
C0089,Customer_0089,40000,RETIRED,RETAIL,US,2026-01-30,569,0,LOW,0,0,0
C0090,Customer_0090,15000,BUSINESS_OWNER,RETAIL,GB,2026-11-20,660,0,LOW,0,0,0
C0091,Customer_0091,60000,EMPLOYED,RETAIL,GB,2025-06-18,556,0,MEDIUM,0,0,0
C0092,Customer_0092,60000,EMPLOYED,RETAIL,GB,2025-03-01,432,0,MEDIUM,0,0,0
C0093,Customer_0093,40000,RETIRED,RETAIL,GB,2027-11-18,575,0,LOW,0,0,0
C0094,Customer_0094,60000,EMPLOYED,RETAIL,GB,2025-11-02,812,0,LOW,0,0,0
C0095,Customer_0095,40000,UNEMPLOYED,SME,GB,2024-12-28,612,0,LOW,0,0,0
C0096,Customer_0096,40000,UNEMPLOYED,RETAIL,GB,2024-03-22,583,0,MEDIUM,0,0,0
C0097,Customer_0097,40000,EMPLOYED,RETAIL,GB,2024-12-21,420,0,MEDIUM,0,0,0
C0098,Customer_0098,15000,RETIRED,RETAIL,GB,2027-07-05,406,0,HIGH,0,0,0
C0099,Customer_0099,15000,RETIRED,RETAIL,GB,2025-08-11,503,0,LOW,0,0,0
C0100,Customer_0100,15000,EMPLOYED,RETAIL,GB,2024-10-21,464,0,LOW,0,0,0
C0101,Customer_0101,40000,UNEMPLOYED,RETAIL,GB,2027-06-01,604,0,LOW,0,0,0
C0102,Customer_0102,25000,SELF_EMPLOYED,RETAIL,FR,2026-12-05,796,0,LOW,0,0,0
C0103,Customer_0103,40000,RETIRED,RETAIL,GB,2027-02-10,455,0,LOW,0,0,0
C0104,Customer_0104,90000,EMPLOYED,RETAIL,FR,2027-06-10,666,0,HIGH,0,0,0
C0105,Customer_0105,25000,UNEMPLOYED,PRIVATE,GB,2024-01-17,550,0,LOW,0,0,0
C0106,Customer_0106,40000,EMPLOYED,RETAIL,GB,2024-12-25,633,0,LOW,0,0,0
C0107,Customer_0107,60000,EMPLOYED,CORPORATE,GB,2027-05-31,810,0,MEDIUM,0,0,0
C0108,Customer_0108,25000,UNEMPLOYED,RETAIL,US,2026-05-15,592,0,LOW,0,0,0
C0109,Customer_0109,15000,EMPLOYED,SME,GB,2025-11-30,319,0,MEDIUM,0,0,0
C0110,Customer_0110,25000,EMPLOYED,SME,GB,2025-03-23,581,0,LOW,0,0,0
C0111,Customer_0111,25000,BUSINESS_OWNER,RETAIL,GB,2026-05-05,300,0,LOW,0,0,0
C0112,Customer_0112,90000,BUSINESS_OWNER,RETAIL,GB,2024-12-30,418,0,LOW,0,0,0
C0113,Customer_0113,60000,SELF_EMPLOYED,RETAIL,IN,2025-11-05,334,0,LOW,0,0,0
C0114,Customer_0114,40000,SELF_EMPLOYED,RETAIL,FR,2026-10-04,497,0,HIGH,0,0,0
C0115,Customer_0115,60000,EMPLOYED,CORPORATE,IN,2027-09-11,784,0,LOW,0,0,0
C0116,Customer_0116,60000,EMPLOYED,CORPORATE,US,2025-04-11,358,0,LOW,0,0,0
C0117,Customer_0117,25000,EMPLOYED,PRIVATE,FR,2025-02-17,460,1,LOW,0,0,0
C0118,Customer_0118,60000,STUDENT,RETAIL,US,2025-08-08,505,0,LOW,0,0,0
C0119,Customer_0119,40000,RETIRED,SME,GB,2027-06-10,311,0,MEDIUM,0,0,0
C0120,Customer_0120,60000,RETIRED,CORPORATE,US,2027-06-01,789,1,LOW,0,0,0
C0121,Customer_0121,60000,RETIRED,RETAIL,US,2026-09-20,575,0,MEDIUM,0,0,0
C0122,Customer_0122,25000,EMPLOYED,RETAIL,US,2027-12-06,541,0,HIGH,0,0,0
C0123,Customer_0123,15000,SELF_EMPLOYED,SME,GB,2025-07-25,515,0,LOW,0,0,0
C0124,Customer_0124,25000,EMPLOYED,RETAIL,GB,2024-11-30,550,0,HIGH,0,0,0
C0125,Customer_0125,40000,SELF_EMPLOYED,CORPORATE,GB,2027-05-30,425,0,LOW,0,0,0
C0126,Customer_0126,60000,EMPLOYED,RETAIL,IR,2024-02-06,516,0,LOW,1,0,0
C0127,Customer_0127,60000,UNEMPLOYED,SME,US,2026-09-15,605,0,LOW,0,0,0
C0128,Customer_0128,15000,EMPLOYED,RETAIL,GB,2024-10-04,484,0,MEDIUM,0,0,0
C0129,Customer_0129,40000,EMPLOYED,RETAIL,GB,2027-05-04,338,1,HIGH,0,0,0
C0130,Customer_0130,40000,EMPLOYED,RETAIL,GB,2026-07-04,522,0,LOW,0,0,0
C0131,Customer_0131,25000,RETIRED,CORPORATE,GB,2025-04-28,483,0,MEDIUM,0,0,0
C0132,Customer_0132,15000,SELF_EMPLOYED,SME,GB,2027-06-19,794,0,LOW,0,0,0
C0133,Customer_0133,25000,EMPLOYED,RETAIL,GB,2027-09-09,726,0,LOW,0,0,0
C0134,Customer_0134,90000,EMPLOYED,RETAIL,GB,2025-12-31,477,0,LOW,0,0,0
C0135,Customer_0135,25000,STUDENT,CORPORATE,GB,2024-07-10,727,0,HIGH,0,0,0
C0136,Customer_0136,40000,EMPLOYED,RETAIL,DE,2026-11-06,593,0,LOW,0,0,0
C0137,Customer_0137,60000,RETIRED,CORPORATE,FR,2025-06-07,450,0,LOW,0,0,0
C0138,Customer_0138,25000,STUDENT,RETAIL,GB,2026-07-06,683,0,LOW,0,0,0
C0139,Customer_0139,150000,EMPLOYED,RETAIL,GB,2025-02-04,607,0,LOW,0,0,0
C0140,Customer_0140,90000,EMPLOYED,RETAIL,GB,2026-06-04,635,0,LOW,0,0,0
C0141,Customer_0141,25000,BUSINESS_OWNER,RETAIL,GB,2025-12-05,674,0,LOW,0,0,0
C0142,Customer_0142,40000,EMPLOYED,SME,GB,2024-01-22,307,0,MEDIUM,0,0,0
C0143,Customer_0143,25000,EMPLOYED,RETAIL,US,2025-04-18,640,0,LOW,0,0,0
C0144,Customer_0144,25000,RETIRED,RETAIL,GB,2027-02-17,428,0,LOW,0,0,0
C0145,Customer_0145,15000,UNEMPLOYED,CORPORATE,US,2024-07-28,651,0,LOW,0,0,0
C0146,Customer_0146,40000,BUSINESS_OWNER,RETAIL,GB,2024-11-01,657,0,MEDIUM,0,0,0
C0147,Customer_0147,40000,RETIRED,RETAIL,GB,2027-07-17,816,0,MEDIUM,0,0,0
C0148,Customer_0148,15000,EMPLOYED,CORPORATE,GB,2025-12-04,794,0,LOW,0,0,0
C0149,Customer_0149,25000,EMPLOYED,SME,GB,2025-11-17,385,0,MEDIUM,0,0,0
C0150,Customer_0150,90000,RETIRED,RETAIL,US,2024-10-11,474,0,LOW,0,0,0
C0151,Customer_0151,25000,SELF_EMPLOYED,CORPORATE,IN,2025-12-16,492,0,LOW,0,0,0
C0152,Customer_0152,15000,EMPLOYED,SME,IR,2026-02-01,610,0,LOW,1,0,0
C0153,Customer_0153,40000,UNEMPLOYED,RETAIL,IN,2027-06-04,418,0,LOW,0,0,0
C0154,Customer_0154,150000,EMPLOYED,RETAIL,GB,2026-08-05,517,0,LOW,0,0,0
C0155,Customer_0155,25000,SELF_EMPLOYED,SME,DE,2025-01-15,726,0,HIGH,0,0,0
C0156,Customer_0156,40000,EMPLOYED,SME,GB,2025-04-04,713,1,MEDIUM,0,0,0
C0157,Customer_0157,60000,SELF_EMPLOYED,RETAIL,IN,2026-10-27,413,0,MEDIUM,0,0,0
C0158,Customer_0158,25000,EMPLOYED,CORPORATE,NG,2024-01-29,444,0,LOW,0,1,0
C0159,Customer_0159,60000,EMPLOYED,SME,IN,2026-06-25,837,0,LOW,0,0,0
C0160,Customer_0160,25000,EMPLOYED,RETAIL,US,2026-11-22,602,0,MEDIUM,0,0,0
C0161,Customer_0161,40000,SELF_EMPLOYED,RETAIL,US,2026-05-28,644,0,LOW,0,0,0
C0162,Customer_0162,40000,STUDENT,RETAIL,GB,2024-03-19,300,0,LOW,0,0,0
C0163,Customer_0163,40000,SELF_EMPLOYED,SME,IN,2026-08-04,446,0,LOW,0,0,0
C0164,Customer_0164,15000,BUSINESS_OWNER,RETAIL,IR,2025-04-03,586,0,MEDIUM,1,0,0
C0165,Customer_0165,60000,EMPLOYED,RETAIL,GB,2025-07-23,352,0,LOW,0,0,0
C0166,Customer_0166,25000,EMPLOYED,SME,GB,2027-12-24,603,0,LOW,0,0,0
C0167,Customer_0167,25000,UNEMPLOYED,CORPORATE,GB,2026-01-07,368,0,MEDIUM,0,0,0
C0168,Customer_0168,15000,EMPLOYED,RETAIL,GB,2027-08-01,660,0,LOW,0,0,0
C0169,Customer_0169,40000,BUSINESS_OWNER,CORPORATE,GB,2025-05-30,519,0,LOW,0,0,0
C0170,Customer_0170,40000,EMPLOYED,RETAIL,GB,2027-01-27,460,0,LOW,0,0,0
C0171,Customer_0171,15000,BUSINESS_OWNER,CORPORATE,GB,2025-01-31,388,0,LOW,0,0,0
C0172,Customer_0172,40000,EMPLOYED,RETAIL,GB,2024-02-08,458,0,MEDIUM,0,0,0
C0173,Customer_0173,25000,UNEMPLOYED,RETAIL,GB,2027-07-18,788,0,LOW,0,0,0
C0174,Customer_0174,40000,SELF_EMPLOYED,SME,US,2026-06-05,623,0,LOW,0,0,0
C0175,Customer_0175,25000,BUSINESS_OWNER,RETAIL,GB,2026-03-07,680,0,MEDIUM,0,0,0
C0176,Customer_0176,40000,EMPLOYED,RETAIL,GB,2024-06-05,401,0,MEDIUM,0,0,0
C0177,Customer_0177,25000,SELF_EMPLOYED,SME,GB,2027-01-03,793,0,MEDIUM,0,0,0
C0178,Customer_0178,90000,BUSINESS_OWNER,SME,NG,2026-06-02,318,0,LOW,0,1,0
C0179,Customer_0179,15000,SELF_EMPLOYED,SME,NG,2027-02-27,753,0,LOW,0,1,0
C0180,Customer_0180,25000,SELF_EMPLOYED,SME,GB,2026-08-31,781,0,HIGH,0,0,0
C0181,Customer_0181,15000,STUDENT,RETAIL,GB,2027-01-12,696,0,MEDIUM,0,0,0
C0182,Customer_0182,90000,SELF_EMPLOYED,RETAIL,IN,2026-11-11,578,0,LOW,0,0,0
C0183,Customer_0183,60000,SELF_EMPLOYED,RETAIL,GB,2026-04-28,664,0,LOW,0,0,0
C0184,Customer_0184,25000,SELF_EMPLOYED,RETAIL,GB,2027-11-06,630,0,LOW,0,0,0
C0185,Customer_0185,40000,UNEMPLOYED,CORPORATE,GB,2026-01-17,643,0,HIGH,0,0,0
C0186,Customer_0186,60000,EMPLOYED,RETAIL,US,2026-09-15,754,0,LOW,0,0,0
C0187,Customer_0187,40000,EMPLOYED,RETAIL,GB,2024-01-21,364,0,LOW,0,0,0
C0188,Customer_0188,40000,BUSINESS_OWNER,RETAIL,NG,2024-10-29,375,0,LOW,0,1,0
C0189,Customer_0189,25000,UNEMPLOYED,CORPORATE,DE,2026-05-18,442,0,MEDIUM,0,0,0
C0190,Customer_0190,15000,SELF_EMPLOYED,RETAIL,IN,2024-03-24,772,0,MEDIUM,0,0,0
C0191,Customer_0191,60000,SELF_EMPLOYED,RETAIL,DE,2027-11-11,716,0,LOW,0,0,0
C0192,Customer_0192,90000,EMPLOYED,RETAIL,DE,2027-07-04,604,0,MEDIUM,0,0,0
C0193,Customer_0193,40000,EMPLOYED,SME,GB,2025-07-23,796,0,HIGH,0,0,0
C0194,Customer_0194,25000,SELF_EMPLOYED,RETAIL,FR,2026-07-22,590,0,LOW,0,0,0
C0195,Customer_0195,25000,EMPLOYED,CORPORATE,GB,2027-03-31,401,0,LOW,0,0,0
C0196,Customer_0196,60000,SELF_EMPLOYED,CORPORATE,GB,2027-04-01,566,0,LOW,0,0,0
C0197,Customer_0197,60000,EMPLOYED,RETAIL,GB,2026-10-05,302,0,MEDIUM,0,0,0
C0198,Customer_0198,60000,BUSINESS_OWNER,SME,GB,2026-03-03,384,0,LOW,0,0,0
C0199,Customer_0199,60000,BUSINESS_OWNER,CORPORATE,GB,2026-03-02,627,0,LOW,0,0,0
C0200,Customer_0200,40000,STUDENT,SME,GB,2027-07-18,749,0,MEDIUM,0,0,0
C0201,Customer_0201,15000,SELF_EMPLOYED,RETAIL,FR,2025-05-06,753,0,LOW,0,0,0
C0202,Customer_0202,25000,EMPLOYED,RETAIL,GB,2024-07-26,520,0,HIGH,0,0,0
C0203,Customer_0203,60000,RETIRED,SME,GB,2026-12-19,453,0,LOW,0,0,0
C0204,Customer_0204,40000,STUDENT,RETAIL,FR,2025-03-05,311,0,LOW,0,0,0
C0205,Customer_0205,15000,EMPLOYED,SME,GB,2026-09-11,432,0,MEDIUM,0,0,0
C0206,Customer_0206,15000,UNEMPLOYED,CORPORATE,GB,2027-08-25,603,0,MEDIUM,0,0,0
C0207,Customer_0207,40000,RETIRED,CORPORATE,GB,2025-06-03,592,0,LOW,0,0,0
C0208,Customer_0208,15000,UNEMPLOYED,RETAIL,GB,2025-08-13,599,0,MEDIUM,0,0,0
C0209,Customer_0209,25000,STUDENT,RETAIL,KP,2026-11-16,342,0,HIGH,1,0,0
C0210,Customer_0210,40000,SELF_EMPLOYED,PRIVATE,GB,2024-07-17,642,0,LOW,0,0,0
C0211,Customer_0211,40000,EMPLOYED,CORPORATE,NG,2025-01-21,625,0,HIGH,0,1,0
C0212,Customer_0212,40000,UNEMPLOYED,RETAIL,GB,2024-12-14,797,0,LOW,0,0,0
C0213,Customer_0213,25000,UNEMPLOYED,CORPORATE,GB,2026-08-17,663,0,LOW,0,0,0
C0214,Customer_0214,60000,EMPLOYED,CORPORATE,GB,2025-11-23,726,0,LOW,0,0,0
C0215,Customer_0215,25000,EMPLOYED,RETAIL,DE,2025-01-12,320,0,MEDIUM,0,0,0
C0216,Customer_0216,25000,EMPLOYED,RETAIL,NG,2026-06-17,706,0,MEDIUM,0,1,0
C0217,Customer_0217,60000,RETIRED,RETAIL,GB,2026-07-04,635,0,LOW,0,0,0
C0218,Customer_0218,40000,BUSINESS_OWNER,RETAIL,GB,2025-06-10,416,0,LOW,0,0,0
C0219,Customer_0219,60000,EMPLOYED,RETAIL,IN,2027-03-22,423,0,LOW,0,0,0
C0220,Customer_0220,40000,SELF_EMPLOYED,CORPORATE,GB,2026-01-03,698,0,LOW,0,0,0
C0221,Customer_0221,40000,EMPLOYED,RETAIL,GB,2024-07-24,350,0,MEDIUM,0,0,0
C0222,Customer_0222,15000,BUSINESS_OWNER,RETAIL,GB,2025-03-30,623,0,MEDIUM,0,0,0
C0223,Customer_0223,25000,RETIRED,RETAIL,US,2027-07-20,440,0,LOW,0,0,0
C0224,Customer_0224,25000,RETIRED,RETAIL,GB,2027-06-13,769,0,HIGH,0,0,0
C0225,Customer_0225,25000,SELF_EMPLOYED,CORPORATE,FR,2025-06-04,633,0,LOW,0,0,0
C0226,Customer_0226,150000,EMPLOYED,RETAIL,GB,2026-10-13,672,0,HIGH,0,0,0
C0227,Customer_0227,25000,EMPLOYED,RETAIL,GB,2026-08-13,793,0,MEDIUM,0,0,0
C0228,Customer_0228,60000,EMPLOYED,SME,GB,2025-12-26,838,0,LOW,0,0,0
C0229,Customer_0229,40000,UNEMPLOYED,RETAIL,GB,2026-10-10,455,0,LOW,0,0,0
C0230,Customer_0230,60000,RETIRED,RETAIL,GB,2025-05-15,590,0,MEDIUM,0,0,0
C0231,Customer_0231,40000,BUSINESS_OWNER,RETAIL,GB,2024-04-26,443,0,LOW,0,0,0
C0232,Customer_0232,40000,BUSINESS_OWNER,RETAIL,GB,2025-01-20,405,1,LOW,0,0,0
C0233,Customer_0233,40000,SELF_EMPLOYED,RETAIL,FR,2027-09-29,719,0,LOW,0,0,0
C0234,Customer_0234,25000,RETIRED,RETAIL,FR,2025-08-06,301,0,LOW,0,0,0
C0235,Customer_0235,60000,UNEMPLOYED,RETAIL,GB,2025-01-29,389,0,LOW,0,0,0
C0236,Customer_0236,25000,RETIRED,CORPORATE,GB,2026-12-23,644,0,MEDIUM,0,0,0
C0237,Customer_0237,15000,EMPLOYED,RETAIL,GB,2025-12-21,649,0,MEDIUM,0,0,0
C0238,Customer_0238,40000,SELF_EMPLOYED,RETAIL,US,2024-03-12,758,0,LOW,0,0,0
C0239,Customer_0239,25000,EMPLOYED,SME,DE,2024-09-30,562,0,MEDIUM,0,0,0
C0240,Customer_0240,90000,BUSINESS_OWNER,RETAIL,US,2027-09-05,650,0,LOW,0,0,0
C0241,Customer_0241,90000,SELF_EMPLOYED,SME,GB,2024-12-03,407,0,MEDIUM,0,0,0
C0242,Customer_0242,90000,EMPLOYED,RETAIL,GB,2027-10-21,338,0,MEDIUM,0,0,0
C0243,Customer_0243,25000,STUDENT,PRIVATE,GB,2025-08-29,458,0,LOW,0,0,0
C0244,Customer_0244,15000,SELF_EMPLOYED,RETAIL,GB,2024-06-14,611,0,MEDIUM,0,0,0
C0245,Customer_0245,90000,EMPLOYED,RETAIL,GB,2024-01-11,540,0,LOW,0,0,0
C0246,Customer_0246,40000,EMPLOYED,RETAIL,GB,2027-08-17,744,0,LOW,0,0,0
C0247,Customer_0247,90000,STUDENT,PRIVATE,NG,2025-12-29,597,0,MEDIUM,0,1,0
C0248,Customer_0248,90000,SELF_EMPLOYED,RETAIL,GB,2026-03-11,335,0,LOW,0,0,0
C0249,Customer_0249,60000,RETIRED,RETAIL,US,2024-04-11,383,0,LOW,0,0,0
C0250,Customer_0250,25000,SELF_EMPLOYED,RETAIL,DE,2027-12-19,751,0,LOW,0,0,0
C0251,Customer_0251,25000,UNEMPLOYED,SME,GB,2027-11-16,684,0,MEDIUM,0,0,0
C0252,Customer_0252,60000,SELF_EMPLOYED,RETAIL,GB,2026-02-17,471,0,LOW,0,0,0
C0253,Customer_0253,25000,SELF_EMPLOYED,CORPORATE,GB,2024-08-01,675,0,LOW,0,0,0
C0254,Customer_0254,25000,UNEMPLOYED,RETAIL,GB,2027-01-16,661,0,MEDIUM,0,0,0
C0255,Customer_0255,40000,EMPLOYED,RETAIL,GB,2025-02-04,440,0,MEDIUM,0,0,0
C0256,Customer_0256,90000,EMPLOYED,RETAIL,US,2025-08-10,417,0,LOW,0,0,0
C0257,Customer_0257,40000,EMPLOYED,RETAIL,GB,2026-06-07,576,0,LOW,0,0,0
C0258,Customer_0258,40000,RETIRED,RETAIL,US,2026-12-05,519,0,LOW,0,0,0
C0259,Customer_0259,15000,SELF_EMPLOYED,RETAIL,GB,2025-08-14,325,0,LOW,0,0,0
C0260,Customer_0260,40000,STUDENT,SME,GB,2027-08-26,820,0,LOW,0,0,0
C0261,Customer_0261,150000,EMPLOYED,RETAIL,GB,2027-01-14,309,0,MEDIUM,0,0,0
C0262,Customer_0262,15000,EMPLOYED,RETAIL,US,2024-04-01,677,0,MEDIUM,0,0,0
C0263,Customer_0263,40000,EMPLOYED,RETAIL,GB,2025-11-03,451,0,LOW,0,0,0
C0264,Customer_0264,60000,EMPLOYED,RETAIL,IN,2025-12-14,348,0,LOW,0,0,0
C0265,Customer_0265,60000,SELF_EMPLOYED,RETAIL,US,2026-07-24,453,0,MEDIUM,0,0,0
C0266,Customer_0266,40000,EMPLOYED,RETAIL,GB,2024-08-29,592,1,LOW,0,0,0
C0267,Customer_0267,60000,EMPLOYED,RETAIL,GB,2024-01-02,349,0,HIGH,0,0,0
C0268,Customer_0268,25000,UNEMPLOYED,CORPORATE,IR,2024-08-12,830,0,LOW,1,0,0
C0269,Customer_0269,25000,EMPLOYED,CORPORATE,US,2026-03-11,359,0,LOW,0,0,0
C0270,Customer_0270,60000,SELF_EMPLOYED,RETAIL,GB,2025-08-11,466,0,MEDIUM,0,0,0
C0271,Customer_0271,60000,RETIRED,RETAIL,GB,2024-04-25,501,0,LOW,0,0,0
C0272,Customer_0272,60000,EMPLOYED,SME,GB,2026-07-06,445,0,MEDIUM,0,0,0
C0273,Customer_0273,90000,SELF_EMPLOYED,RETAIL,US,2027-01-31,738,0,LOW,0,0,0
C0274,Customer_0274,40000,UNEMPLOYED,RETAIL,GB,2024-07-12,541,0,LOW,0,0,0
C0275,Customer_0275,40000,UNEMPLOYED,RETAIL,US,2027-04-04,782,0,MEDIUM,0,0,0
C0276,Customer_0276,60000,EMPLOYED,SME,GB,2026-05-20,407,0,LOW,0,0,0
C0277,Customer_0277,40000,UNEMPLOYED,SME,GB,2024-03-30,525,0,MEDIUM,0,0,0
C0278,Customer_0278,60000,SELF_EMPLOYED,RETAIL,US,2024-05-01,731,0,LOW,0,0,0
C0279,Customer_0279,60000,EMPLOYED,RETAIL,GB,2024-05-22,718,0,LOW,0,0,0
C0280,Customer_0280,60000,SELF_EMPLOYED,RETAIL,IR,2026-09-20,754,0,MEDIUM,1,0,0
C0281,Customer_0281,25000,BUSINESS_OWNER,SME,GB,2024-04-15,459,0,LOW,0,0,0
C0282,Customer_0282,25000,SELF_EMPLOYED,RETAIL,US,2026-06-05,822,0,LOW,0,0,0
C0283,Customer_0283,15000,EMPLOYED,RETAIL,IN,2025-03-03,376,0,LOW,0,0,0
C0284,Customer_0284,40000,SELF_EMPLOYED,SME,FR,2027-08-21,808,0,LOW,0,0,0
C0285,Customer_0285,15000,EMPLOYED,RETAIL,GB,2024-11-12,740,0,LOW,0,0,0
C0286,Customer_0286,40000,EMPLOYED,SME,US,2025-09-26,553,0,MEDIUM,0,0,0
C0287,Customer_0287,40000,EMPLOYED,RETAIL,GB,2024-01-09,619,0,HIGH,0,0,0
C0288,Customer_0288,25000,EMPLOYED,RETAIL,GB,2026-02-12,562,0,MEDIUM,0,0,0
C0289,Customer_0289,40000,EMPLOYED,RETAIL,GB,2027-01-01,673,0,MEDIUM,0,0,0
C0290,Customer_0290,15000,EMPLOYED,SME,US,2027-10-14,466,0,MEDIUM,0,0,0
C0291,Customer_0291,15000,SELF_EMPLOYED,CORPORATE,GB,2024-08-10,758,1,MEDIUM,0,0,0
C0292,Customer_0292,60000,EMPLOYED,CORPORATE,DE,2027-12-10,579,0,LOW,0,0,0
C0293,Customer_0293,25000,EMPLOYED,RETAIL,US,2025-07-06,601,0,HIGH,0,0,0
C0294,Customer_0294,15000,UNEMPLOYED,SME,GB,2027-10-25,830,0,MEDIUM,0,0,0
C0295,Customer_0295,40000,SELF_EMPLOYED,RETAIL,US,2025-12-16,517,0,LOW,0,0,0
C0296,Customer_0296,60000,STUDENT,RETAIL,FR,2027-07-11,401,0,LOW,0,0,0
C0297,Customer_0297,25000,EMPLOYED,CORPORATE,GB,2027-09-03,587,0,LOW,0,0,0
C0298,Customer_0298,40000,EMPLOYED,RETAIL,KP,2027-01-12,466,0,LOW,1,0,0
C0299,Customer_0299,15000,EMPLOYED,RETAIL,GB,2027-09-03,335,0,MEDIUM,0,0,0
